{"count":1,"gauges":{},"self":9.2743127999999988,"total":9.5350574999999989,"children":{"AgentSendState":{"count":439,"self":0.0080003,"total":0.0095254,"children":{"CollectObservations":{"count":44,"self":0.0015251,"total":0.0015251,"children":null},"CollectDiscreteActionMasks":{"count":44,"self":0,"total":0,"children":null}}},"DecideAction":{"count":439,"self":0.24667889999999998,"total":0.24667889999999998,"children":null},"AgentAct":{"count":439,"self":0.0030087,"total":0.0030087,"children":null}}}